vec_id,module,name,filename
4,HandoverShowcase.host1.wlan[0].agent,sentRequest:vector,vec_sentRequest:vector_4.csv
5,HandoverShowcase.host1.wlan[0].agent,acceptConfirm:vector,vec_acceptConfirm:vector_5.csv
7,HandoverShowcase.host1.wlan[0].mac.dcf.channelAccess.pendingQueue,queueLength:vector,vec_queueLength:vector_7.csv
8,HandoverShowcase.host1.wlan[0].mac.dcf.channelAccess.pendingQueue,queueBitLength:vector,vec_queueBitLength:vector_8.csv
9,HandoverShowcase.host1.wlan[0].mac.dcf.channelAccess.pendingQueue,queueingTime:vector,vec_queueingTime:vector_9.csv
10,HandoverShowcase.host1.wlan[0].mac.dcf.channelAccess.pendingQueue,incomingPacketLengths:vector,vec_incomingPacketLengths:vector_10.csv
11,HandoverShowcase.host1.wlan[0].mac.dcf.channelAccess.pendingQueue,incomingDataRate:vector,vec_incomingDataRate:vector_11.csv
12,HandoverShowcase.host1.wlan[0].mac.dcf.channelAccess.pendingQueue,outgoingPacketLengths:vector,vec_outgoingPacketLengths:vector_12.csv
13,HandoverShowcase.host1.wlan[0].mac.dcf.channelAccess.pendingQueue,outgoingDataRate:vector,vec_outgoingDataRate:vector_13.csv
18,HandoverShowcase.host1.wlan[0].mac.dcf.channelAccess.inProgressFrames,queueingTime:vector,vec_queueingTime:vector_18.csv
19,HandoverShowcase.host1.wlan[0].mac.dcf.channelAccess.inProgressFrames,queueLength:vector,vec_queueLength:vector_19.csv
20,HandoverShowcase.host1.wlan[0].mac.dcf.channelAccess.contention,backoffPeriodGenerated:vector,vec_backoffPeriodGenerated:vector_20.csv
21,HandoverShowcase.host1.wlan[0].mac.dcf.channelAccess.contention,backoffActive:vector,vec_backoffActive:vector_21.csv
22,HandoverShowcase.host1.wlan[0].mac.dcf.channelAccess.contention,stateChanged:vector,vec_stateChanged:vector_22.csv
24,HandoverShowcase.host1.wlan[0].mac.dcf.recoveryProcedure,contentionWindowChanged:vector,vec_contentionWindowChanged:vector_24.csv
25,HandoverShowcase.host1.wlan[0].mac.dcf,packetSentToPeer:vector(packetBytes),vec_packetSentToPeer:vector(packetBytes)_25.csv
26,HandoverShowcase.host1.wlan[0].mac.dcf,packetSentToPeerUnicast:vector(packetBytes),vec_packetSentToPeerUnicast:vector(packetBytes)_26.csv
27,HandoverShowcase.host1.wlan[0].mac.dcf,packetSentToPeerMulticast:vector(packetBytes),vec_packetSentToPeerMulticast:vector(packetBytes)_27.csv
28,HandoverShowcase.host1.wlan[0].mac.dcf,packetSentToPeerBroadcast:vector(packetBytes),vec_packetSentToPeerBroadcast:vector(packetBytes)_28.csv
30,HandoverShowcase.host1.wlan[0].mac.dcf,packetSentToPeerWithoutRetry:vector(packetBytes),vec_packetSentToPeerWithoutRetry:vector(packetBytes)_30.csv
31,HandoverShowcase.host1.wlan[0].mac.dcf,packetReceivedFromPeer:vector(packetBytes),vec_packetReceivedFromPeer:vector(packetBytes)_31.csv
32,HandoverShowcase.host1.wlan[0].mac.dcf,packetReceivedFromPeerUnicast:vector(packetBytes),vec_packetReceivedFromPeerUnicast:vector(packetBytes)_32.csv
33,HandoverShowcase.host1.wlan[0].mac.dcf,packetReceivedFromPeerMulticast:vector(packetBytes),vec_packetReceivedFromPeerMulticast:vector(packetBytes)_33.csv
34,HandoverShowcase.host1.wlan[0].mac.dcf,packetReceivedFromPeerBroadcast:vector(packetBytes),vec_packetReceivedFromPeerBroadcast:vector(packetBytes)_34.csv
36,HandoverShowcase.host1.wlan[0].mac.dcf,packetReceivedFromPeerWithoutRetry:vector(packetBytes),vec_packetReceivedFromPeerWithoutRetry:vector(packetBytes)_36.csv
41,HandoverShowcase.host1.wlan[0].mac.dcf,frameSequenceActive:vector,vec_frameSequenceActive:vector_41.csv
42,HandoverShowcase.host1.wlan[0].mac.dcf,datarateSelected:vector,vec_datarateSelected:vector_42.csv
43,HandoverShowcase.host1.wlan[0].mac.rx,nav:vector,vec_nav:vector_43.csv
45,HandoverShowcase.host1.wlan[0].mac,packetSentToLower:vector(packetBytes),vec_packetSentToLower:vector(packetBytes)_45.csv
47,HandoverShowcase.host1.wlan[0].mac,packetReceivedFromLower:vector(packetBytes),vec_packetReceivedFromLower:vector(packetBytes)_47.csv
55,HandoverShowcase.host1.wlan[0].radio,radioMode:vector,vec_radioMode:vector_55.csv
56,HandoverShowcase.host1.wlan[0].radio,receptionState:vector,vec_receptionState:vector_56.csv
57,HandoverShowcase.host1.wlan[0].radio,transmissionState:vector,vec_transmissionState:vector_57.csv
58,HandoverShowcase.host1.wlan[0].radio,radioChannel:vector,vec_radioChannel:vector_58.csv
71,HandoverShowcase.host1.udp,passedUpPk:vector(count),vec_passedUpPk:vector(count)_71.csv
72,HandoverShowcase.host1.udp,droppedPkWrongPort:vector(count),vec_droppedPkWrongPort:vector(count)_72.csv
73,HandoverShowcase.host1.udp,droppedPkBadChecksum:vector(count),vec_droppedPkBadChecksum:vector(count)_73.csv
78,HandoverShowcase.host2.wlan[0].agent,sentRequest:vector,vec_sentRequest:vector_78.csv
80,HandoverShowcase.host2.wlan[0].agent,dropConfirm:vector,vec_dropConfirm:vector_80.csv
81,HandoverShowcase.host2.wlan[0].mac.dcf.channelAccess.pendingQueue,queueLength:vector,vec_queueLength:vector_81.csv
82,HandoverShowcase.host2.wlan[0].mac.dcf.channelAccess.pendingQueue,queueBitLength:vector,vec_queueBitLength:vector_82.csv
83,HandoverShowcase.host2.wlan[0].mac.dcf.channelAccess.pendingQueue,queueingTime:vector,vec_queueingTime:vector_83.csv
84,HandoverShowcase.host2.wlan[0].mac.dcf.channelAccess.pendingQueue,incomingPacketLengths:vector,vec_incomingPacketLengths:vector_84.csv
85,HandoverShowcase.host2.wlan[0].mac.dcf.channelAccess.pendingQueue,incomingDataRate:vector,vec_incomingDataRate:vector_85.csv
86,HandoverShowcase.host2.wlan[0].mac.dcf.channelAccess.pendingQueue,outgoingPacketLengths:vector,vec_outgoingPacketLengths:vector_86.csv
87,HandoverShowcase.host2.wlan[0].mac.dcf.channelAccess.pendingQueue,outgoingDataRate:vector,vec_outgoingDataRate:vector_87.csv
92,HandoverShowcase.host2.wlan[0].mac.dcf.channelAccess.inProgressFrames,queueingTime:vector,vec_queueingTime:vector_92.csv
93,HandoverShowcase.host2.wlan[0].mac.dcf.channelAccess.inProgressFrames,queueLength:vector,vec_queueLength:vector_93.csv
94,HandoverShowcase.host2.wlan[0].mac.dcf.channelAccess.contention,backoffPeriodGenerated:vector,vec_backoffPeriodGenerated:vector_94.csv
95,HandoverShowcase.host2.wlan[0].mac.dcf.channelAccess.contention,backoffActive:vector,vec_backoffActive:vector_95.csv
96,HandoverShowcase.host2.wlan[0].mac.dcf.channelAccess.contention,stateChanged:vector,vec_stateChanged:vector_96.csv
98,HandoverShowcase.host2.wlan[0].mac.dcf.recoveryProcedure,contentionWindowChanged:vector,vec_contentionWindowChanged:vector_98.csv
99,HandoverShowcase.host2.wlan[0].mac.dcf,packetSentToPeer:vector(packetBytes),vec_packetSentToPeer:vector(packetBytes)_99.csv
101,HandoverShowcase.host2.wlan[0].mac.dcf,packetSentToPeerMulticast:vector(packetBytes),vec_packetSentToPeerMulticast:vector(packetBytes)_101.csv
102,HandoverShowcase.host2.wlan[0].mac.dcf,packetSentToPeerBroadcast:vector(packetBytes),vec_packetSentToPeerBroadcast:vector(packetBytes)_102.csv
104,HandoverShowcase.host2.wlan[0].mac.dcf,packetSentToPeerWithoutRetry:vector(packetBytes),vec_packetSentToPeerWithoutRetry:vector(packetBytes)_104.csv
115,HandoverShowcase.host2.wlan[0].mac.dcf,frameSequenceActive:vector,vec_frameSequenceActive:vector_115.csv
116,HandoverShowcase.host2.wlan[0].mac.dcf,datarateSelected:vector,vec_datarateSelected:vector_116.csv
119,HandoverShowcase.host2.wlan[0].mac,packetSentToLower:vector(packetBytes),vec_packetSentToLower:vector(packetBytes)_119.csv
129,HandoverShowcase.host2.wlan[0].radio,radioMode:vector,vec_radioMode:vector_129.csv
130,HandoverShowcase.host2.wlan[0].radio,receptionState:vector,vec_receptionState:vector_130.csv
131,HandoverShowcase.host2.wlan[0].radio,transmissionState:vector,vec_transmissionState:vector_131.csv
132,HandoverShowcase.host2.wlan[0].radio,radioChannel:vector,vec_radioChannel:vector_132.csv
145,HandoverShowcase.host2.udp,passedUpPk:vector(count),vec_passedUpPk:vector(count)_145.csv
146,HandoverShowcase.host2.udp,droppedPkWrongPort:vector(count),vec_droppedPkWrongPort:vector(count)_146.csv
147,HandoverShowcase.host2.udp,droppedPkBadChecksum:vector(count),vec_droppedPkBadChecksum:vector(count)_147.csv
148,HandoverShowcase.ap1.wlan[0].mac.dcf.channelAccess.pendingQueue,queueLength:vector,vec_queueLength:vector_148.csv
149,HandoverShowcase.ap1.wlan[0].mac.dcf.channelAccess.pendingQueue,queueBitLength:vector,vec_queueBitLength:vector_149.csv
150,HandoverShowcase.ap1.wlan[0].mac.dcf.channelAccess.pendingQueue,queueingTime:vector,vec_queueingTime:vector_150.csv
151,HandoverShowcase.ap1.wlan[0].mac.dcf.channelAccess.pendingQueue,incomingPacketLengths:vector,vec_incomingPacketLengths:vector_151.csv
152,HandoverShowcase.ap1.wlan[0].mac.dcf.channelAccess.pendingQueue,incomingDataRate:vector,vec_incomingDataRate:vector_152.csv
153,HandoverShowcase.ap1.wlan[0].mac.dcf.channelAccess.pendingQueue,outgoingPacketLengths:vector,vec_outgoingPacketLengths:vector_153.csv
154,HandoverShowcase.ap1.wlan[0].mac.dcf.channelAccess.pendingQueue,outgoingDataRate:vector,vec_outgoingDataRate:vector_154.csv
159,HandoverShowcase.ap1.wlan[0].mac.dcf.channelAccess.inProgressFrames,queueingTime:vector,vec_queueingTime:vector_159.csv
160,HandoverShowcase.ap1.wlan[0].mac.dcf.channelAccess.inProgressFrames,queueLength:vector,vec_queueLength:vector_160.csv
161,HandoverShowcase.ap1.wlan[0].mac.dcf.channelAccess.contention,backoffPeriodGenerated:vector,vec_backoffPeriodGenerated:vector_161.csv
162,HandoverShowcase.ap1.wlan[0].mac.dcf.channelAccess.contention,backoffActive:vector,vec_backoffActive:vector_162.csv
163,HandoverShowcase.ap1.wlan[0].mac.dcf.channelAccess.contention,stateChanged:vector,vec_stateChanged:vector_163.csv
165,HandoverShowcase.ap1.wlan[0].mac.dcf.recoveryProcedure,contentionWindowChanged:vector,vec_contentionWindowChanged:vector_165.csv
166,HandoverShowcase.ap1.wlan[0].mac.dcf,packetSentToPeer:vector(packetBytes),vec_packetSentToPeer:vector(packetBytes)_166.csv
167,HandoverShowcase.ap1.wlan[0].mac.dcf,packetSentToPeerUnicast:vector(packetBytes),vec_packetSentToPeerUnicast:vector(packetBytes)_167.csv
168,HandoverShowcase.ap1.wlan[0].mac.dcf,packetSentToPeerMulticast:vector(packetBytes),vec_packetSentToPeerMulticast:vector(packetBytes)_168.csv
169,HandoverShowcase.ap1.wlan[0].mac.dcf,packetSentToPeerBroadcast:vector(packetBytes),vec_packetSentToPeerBroadcast:vector(packetBytes)_169.csv
171,HandoverShowcase.ap1.wlan[0].mac.dcf,packetSentToPeerWithoutRetry:vector(packetBytes),vec_packetSentToPeerWithoutRetry:vector(packetBytes)_171.csv
172,HandoverShowcase.ap1.wlan[0].mac.dcf,packetReceivedFromPeer:vector(packetBytes),vec_packetReceivedFromPeer:vector(packetBytes)_172.csv
173,HandoverShowcase.ap1.wlan[0].mac.dcf,packetReceivedFromPeerUnicast:vector(packetBytes),vec_packetReceivedFromPeerUnicast:vector(packetBytes)_173.csv
174,HandoverShowcase.ap1.wlan[0].mac.dcf,packetReceivedFromPeerMulticast:vector(packetBytes),vec_packetReceivedFromPeerMulticast:vector(packetBytes)_174.csv
175,HandoverShowcase.ap1.wlan[0].mac.dcf,packetReceivedFromPeerBroadcast:vector(packetBytes),vec_packetReceivedFromPeerBroadcast:vector(packetBytes)_175.csv
177,HandoverShowcase.ap1.wlan[0].mac.dcf,packetReceivedFromPeerWithoutRetry:vector(packetBytes),vec_packetReceivedFromPeerWithoutRetry:vector(packetBytes)_177.csv
182,HandoverShowcase.ap1.wlan[0].mac.dcf,frameSequenceActive:vector,vec_frameSequenceActive:vector_182.csv
183,HandoverShowcase.ap1.wlan[0].mac.dcf,datarateSelected:vector,vec_datarateSelected:vector_183.csv
184,HandoverShowcase.ap1.wlan[0].mac.rx,nav:vector,vec_nav:vector_184.csv
186,HandoverShowcase.ap1.wlan[0].mac,packetSentToLower:vector(packetBytes),vec_packetSentToLower:vector(packetBytes)_186.csv
188,HandoverShowcase.ap1.wlan[0].mac,packetReceivedFromLower:vector(packetBytes),vec_packetReceivedFromLower:vector(packetBytes)_188.csv
196,HandoverShowcase.ap1.wlan[0].radio,radioMode:vector,vec_radioMode:vector_196.csv
197,HandoverShowcase.ap1.wlan[0].radio,receptionState:vector,vec_receptionState:vector_197.csv
198,HandoverShowcase.ap1.wlan[0].radio,transmissionState:vector,vec_transmissionState:vector_198.csv
199,HandoverShowcase.ap1.wlan[0].radio,radioChannel:vector,vec_radioChannel:vector_199.csv
202,HandoverShowcase.ap2.wlan[0].mac.dcf.channelAccess.pendingQueue,queueLength:vector,vec_queueLength:vector_202.csv
203,HandoverShowcase.ap2.wlan[0].mac.dcf.channelAccess.pendingQueue,queueBitLength:vector,vec_queueBitLength:vector_203.csv
204,HandoverShowcase.ap2.wlan[0].mac.dcf.channelAccess.pendingQueue,queueingTime:vector,vec_queueingTime:vector_204.csv
205,HandoverShowcase.ap2.wlan[0].mac.dcf.channelAccess.pendingQueue,incomingPacketLengths:vector,vec_incomingPacketLengths:vector_205.csv
206,HandoverShowcase.ap2.wlan[0].mac.dcf.channelAccess.pendingQueue,incomingDataRate:vector,vec_incomingDataRate:vector_206.csv
207,HandoverShowcase.ap2.wlan[0].mac.dcf.channelAccess.pendingQueue,outgoingPacketLengths:vector,vec_outgoingPacketLengths:vector_207.csv
208,HandoverShowcase.ap2.wlan[0].mac.dcf.channelAccess.pendingQueue,outgoingDataRate:vector,vec_outgoingDataRate:vector_208.csv
213,HandoverShowcase.ap2.wlan[0].mac.dcf.channelAccess.inProgressFrames,queueingTime:vector,vec_queueingTime:vector_213.csv
214,HandoverShowcase.ap2.wlan[0].mac.dcf.channelAccess.inProgressFrames,queueLength:vector,vec_queueLength:vector_214.csv
215,HandoverShowcase.ap2.wlan[0].mac.dcf.channelAccess.contention,backoffPeriodGenerated:vector,vec_backoffPeriodGenerated:vector_215.csv
216,HandoverShowcase.ap2.wlan[0].mac.dcf.channelAccess.contention,backoffActive:vector,vec_backoffActive:vector_216.csv
217,HandoverShowcase.ap2.wlan[0].mac.dcf.channelAccess.contention,stateChanged:vector,vec_stateChanged:vector_217.csv
219,HandoverShowcase.ap2.wlan[0].mac.dcf.recoveryProcedure,contentionWindowChanged:vector,vec_contentionWindowChanged:vector_219.csv
220,HandoverShowcase.ap2.wlan[0].mac.dcf,packetSentToPeer:vector(packetBytes),vec_packetSentToPeer:vector(packetBytes)_220.csv
221,HandoverShowcase.ap2.wlan[0].mac.dcf,packetSentToPeerUnicast:vector(packetBytes),vec_packetSentToPeerUnicast:vector(packetBytes)_221.csv
222,HandoverShowcase.ap2.wlan[0].mac.dcf,packetSentToPeerMulticast:vector(packetBytes),vec_packetSentToPeerMulticast:vector(packetBytes)_222.csv
223,HandoverShowcase.ap2.wlan[0].mac.dcf,packetSentToPeerBroadcast:vector(packetBytes),vec_packetSentToPeerBroadcast:vector(packetBytes)_223.csv
225,HandoverShowcase.ap2.wlan[0].mac.dcf,packetSentToPeerWithoutRetry:vector(packetBytes),vec_packetSentToPeerWithoutRetry:vector(packetBytes)_225.csv
226,HandoverShowcase.ap2.wlan[0].mac.dcf,packetReceivedFromPeer:vector(packetBytes),vec_packetReceivedFromPeer:vector(packetBytes)_226.csv
227,HandoverShowcase.ap2.wlan[0].mac.dcf,packetReceivedFromPeerUnicast:vector(packetBytes),vec_packetReceivedFromPeerUnicast:vector(packetBytes)_227.csv
228,HandoverShowcase.ap2.wlan[0].mac.dcf,packetReceivedFromPeerMulticast:vector(packetBytes),vec_packetReceivedFromPeerMulticast:vector(packetBytes)_228.csv
229,HandoverShowcase.ap2.wlan[0].mac.dcf,packetReceivedFromPeerBroadcast:vector(packetBytes),vec_packetReceivedFromPeerBroadcast:vector(packetBytes)_229.csv
231,HandoverShowcase.ap2.wlan[0].mac.dcf,packetReceivedFromPeerWithoutRetry:vector(packetBytes),vec_packetReceivedFromPeerWithoutRetry:vector(packetBytes)_231.csv
236,HandoverShowcase.ap2.wlan[0].mac.dcf,frameSequenceActive:vector,vec_frameSequenceActive:vector_236.csv
237,HandoverShowcase.ap2.wlan[0].mac.dcf,datarateSelected:vector,vec_datarateSelected:vector_237.csv
238,HandoverShowcase.ap2.wlan[0].mac.rx,nav:vector,vec_nav:vector_238.csv
240,HandoverShowcase.ap2.wlan[0].mac,packetSentToLower:vector(packetBytes),vec_packetSentToLower:vector(packetBytes)_240.csv
242,HandoverShowcase.ap2.wlan[0].mac,packetReceivedFromLower:vector(packetBytes),vec_packetReceivedFromLower:vector(packetBytes)_242.csv
250,HandoverShowcase.ap2.wlan[0].radio,radioMode:vector,vec_radioMode:vector_250.csv
251,HandoverShowcase.ap2.wlan[0].radio,receptionState:vector,vec_receptionState:vector_251.csv
252,HandoverShowcase.ap2.wlan[0].radio,transmissionState:vector,vec_transmissionState:vector_252.csv
253,HandoverShowcase.ap2.wlan[0].radio,radioChannel:vector,vec_radioChannel:vector_253.csv
